price,"location.lat","location.long"
"5900.0","37.7864","-122.3892"
"4000.0","37.756755","-122.442244"
"3200.0","37.7441","-122.4863"
"3500.0","37.787454","-122.429152"
"5900.0","37.79007","-122.390971"
"4500.0","37.775498","-122.394047"
"4800.0","37.787","-122.43682"
"4490.0","37.786209","-122.398977"
"4800.0","37.786108","-122.424841"
"5500.0","37.785933","-122.392767"
"3995.0","37.799419","-122.435961"
"4650.0","37.762463","-122.398461"
"2300.0","37.745573","-122.481358"
"2600.0","37.711707","-122.388897"
"3200.0","37.756014","-122.478744"
"3100.0","37.763095","-122.473871"
"5625.0","37.79802","-122.42742"
"4399.0","37.7509","-122.4153"
"3950.0","37.761968","-122.417179"
"3250.0","37.7593","-122.4836"
"3997.0","37.765857","-122.440461"
"3998.0","37.765857","-122.440461"
"3998.0","37.765857","-122.440461"
"3998.0","37.765857","-122.440461"
"4200.0","37.805825","-122.41195"
"2498.0","37.77493","-122.41942"
"2500.0","37.731605","-122.444302"
"3800.0","37.773449","-122.491798"
"4375.0","37.759734","-122.401112"
"3500.0","37.773863","-122.464839"
"4995.0","37.794458","-122.426045"
"4500.0","37.760337","-122.498395"
"2325.0","37.71498","-122.40532"
"3999.0","37.79802","-122.42742"
"3500.0","37.77275","-122.498202"
"4375.0","37.750835","-122.469034"
"7200.0","37.7545","-122.43439"
"4900.0","37.759692","-122.428202"
"2833.0","37.77493","-122.41942"
"5600.0","37.7509","-122.4153"
"4495.0","37.764868","-122.423115"
"3000.0","37.7812","-122.4614"
"7058.0","37.78067","-122.38814"
"4795.0","37.787996","-122.393597"
"4260.0","37.791456","-122.392342"
"4155.0","37.785006","-122.4349"
"5493.0","37.77408","-122.390142"
"4295.0","37.789952","-122.425616"
"5295.0","37.79804","-122.41514"
"2800.0","37.792172","-122.415628"
"6000.0","37.793223","-122.41447"
"6250.0","37.793223","-122.41447"
"6250.0","37.793223","-122.41447"
"6000.0","37.793223","-122.41447"
"4000.0","37.794398","-122.426514"
"2195.0","37.71498","-122.40532"
"3895.0","37.792709","-122.418504"
"4620.0","37.766847","-122.420611"
"4331.0","37.780917","-122.399457"
"5033.0","37.783629","-122.397081"
"5150.0","37.7725","-122.4147"
"4295.0","37.767068","-122.420225"
"5950.0","37.786068","-122.392937"
"2500.0","37.7759","-122.50287"
"9800.0","37.799485","-122.424171"
"4218.0","37.785006","-122.4349"
"6000.0","37.759356","-122.433745"
"5879.0","37.787575","-122.391477"
"3950.0","37.786245","-122.425233"
"2749.0","37.7593","-122.4836"
"3325.0","37.7211","-122.4754"
"4420.0","37.77243","-122.396951"
"3300.0","37.755906","-122.4646"
"4995.0","37.765338","-122.421899"
"3450.0","37.7211","-122.4754"
"4895.0","37.777373","-122.441678"
"6730.0","37.776414","-122.417341"
"3505.0","37.713948","-122.47315"
"3775.0","37.800796","-122.414001"
"1900.0","37.741739","-122.501421"
"4800.0","37.804426","-122.445459"
"4813.0","37.77219","-122.390785"
"2400.0","37.71498","-122.40532"
"4800.0","37.794144","-122.421404"
"4200.0","37.755366","-122.419858"
"3895.0","37.785105","-122.440994"
"4000.0","37.75986","-122.4148"
"1482.0","37.7759","-122.50287"
"5450.0","37.791089","-122.408976"
"7600.0","37.798284","-122.415492"
"2850.0","37.721851","-122.454107"
"4500.0","37.73377","-122.439051"
"10000.0","37.792648","-122.4119"
"4500.0","37.7712","-122.4413"
"1450.0","37.7195","-122.4411"
"5600.0","37.779683","-122.402658"
"4000.0","37.78067","-122.38814"
"4600.0","37.753008","-122.424474"
"3000.0","37.781144","-122.494489"
"6000.0","37.744968","-122.466228"
"4200.0","37.765677","-122.454536"
"3300.0","37.77984","-122.490097"
"4250.0","37.747297","-122.433697"
"3633.0","37.7211","-122.4754"
"5700.0","37.805308","-122.419517"
"10000.0","37.792648","-122.4119"
"1845.0","37.71627","-122.38882"
"7000.0","37.793223","-122.41447"
"3100.0","37.782212","-122.48059"
"4200.0","37.803237","-122.409749"
"1963.0","37.77493","-122.41942"
"1998.0","37.77493","-122.41942"
"3100.0","37.761267","-122.487711"
"4695.0","37.795322","-122.438506"
"1400.0","37.710365","-122.390888"
"3950.0","37.80271","-122.4058"
"1884.0","37.7759","-122.50287"
"3500.0","37.75443","-122.4468"
"6184.0","37.77408","-122.390142"
"4370.0","37.766159","-122.430641"
"4836.0","37.766159","-122.430641"
"7450.0","37.759734","-122.401112"
"5504.0","37.794895","-122.429989"
"4650.0","37.762463","-122.398461"
"4795.0","37.78723","-122.391465"
"5500.0","37.768596","-122.426706"
"5000.0","37.781055","-122.402387"
"4900.0","37.779861","-122.389591"
"3000.0","37.761512","-122.481278"
"5000.0","37.781055","-122.402387"
"3295.0","37.770342","-122.450395"
"3500.0","37.79457","-122.39994"
"4495.0","37.775223","-122.450988"
"6995.0","37.758499","-122.421272"
"4200.0","37.801445","-122.431311"
"4175.0","37.739723","-122.426748"
"4175.0","37.739787","-122.42692"
"5200.0","37.783785","-122.39893"
"3500.0","37.771571","-122.442188"
"5300.0","37.789226","-122.408595"
"825.0","37.73746","-122.49855"
"3400.0","37.7441","-122.4863"
"2800.0","37.763037","-122.508258"
"2700.0","37.763467","-122.479267"
"780.0","37.787","-122.43682"
"5750.0","37.759734","-122.401112"
"5200.0","37.783785","-122.39893"
"4250.0","37.761657","-122.445309"
"5299.0","37.798324","-122.440798"
"3200.0","37.78594","-122.4907"
"9000.0","37.788141","-122.402909"
"4550.0","37.778754","-122.471445"
"4000.0","37.793112","-122.424572"
"3300.0","37.792894","-122.407306"
"3900.0","37.790227","-122.408251"
"4995.0","37.801053","-122.442176"
"5000.0","37.79457","-122.39994"
"2700.0","37.751376","-122.507429"
"2600.0","37.73042","-122.38442"
"4300.0","37.780699","-122.403921"
"3200.0","37.7441","-122.4863"
"5500.0","37.796063","-122.428538"
"3950.0","37.756438","-122.469003"
"4950.0","37.766805","-122.417645"
"9000.0","37.791017","-122.399149"
"2850.0","37.77493","-122.41942"
"7000.0","37.777922","-122.412568"
"5250.0","37.766576","-122.439502"
"3000.0","37.781144","-122.494489"
"4000.0","37.77493","-122.41942"
"4995.0","37.792088","-122.444656"
"6400.0","37.78067","-122.38814"
"5250.0","37.803761","-122.413223"
"3000.0","37.784853","-122.465632"
"2800.0","37.7786","-122.4892"
"4395.0","37.777401","-122.405301"
"3850.0","37.786928","-122.456875"
"3895.0","37.799997","-122.427645"
"3395.0","37.786368","-122.415994"
"5200.0","37.787996","-122.393597"
"6800.0","37.795945","-122.421768"
"6200.0","37.786765","-122.392053"
"3645.0","37.785964","-122.456963"
"4500.0","37.750963","-122.439547"
"4200.0","37.757245","-122.432429"
"5750.0","37.786691","-122.44356"
"1650.0","37.77475","-122.43603"
"5000.0","37.778017","-122.409337"
"6500.0","37.79868","-122.415572"
"3799.0","37.779277","-122.392211"
"3950.0","37.786369","-122.424774"
"7900.0","37.804383","-122.445793"
"3000.0","37.7712","-122.4413"
"6950.0","37.772943","-122.423868"
"4495.0","37.764868","-122.423115"
"4995.0","37.745095","-122.414173"
"3745.0","37.715764","-122.47381"
"6250.0","37.786068","-122.392937"
"3800.0","37.744131","-122.421341"
"8900.0","37.791153","-122.395813"
"4295.0","37.783619","-122.422653"
"4155.0","37.78504","-122.435671"
"1900.0","37.756976","-122.499234"
"3180.0","37.7211","-122.4754"
"5449.0","37.7974","-122.4001"
"2680.0","37.776302","-122.484461"
"5342.0","37.773547","-122.390463"
"5000.0","37.787776","-122.412533"
"2345.0","37.71498","-122.40532"
"3650.0","37.78446","-122.431183"
"4260.0","37.791456","-122.392342"
"4545.0","37.761324","-122.38864"
"3500.0","37.77493","-122.41942"
"5250.0","37.800415","-122.424359"
"3995.0","37.78859","-122.447326"
"4299.0","37.79252","-122.43823"
"4250.0","37.789372","-122.444788"
"4950.0","37.79811","-122.44587"
"4404.0","37.7694","-122.3867"
"2123.0","37.72715","-122.43681"
"3500.0","37.744503","-122.451626"
"1733.0","37.72715","-122.43681"
"2950.0","37.733098","-122.442002"
"5500.0","37.793745","-122.420354"
"3555.0","37.780181","-122.409709"
"4550.0","37.787578","-122.421523"
"5290.0","37.787578","-122.421523"
"5100.0","37.787578","-122.421523"
"5400.0","37.787578","-122.421523"
"3500.0","37.77493","-122.41942"
"3250.0","37.7211","-122.4754"
"3480.0","37.758722","-122.446021"
"3400.0","37.76922","-122.44814"
"2750.0","37.71498","-122.40532"
"8950.0","37.790461","-122.39669"
"4200.0","37.759792","-122.400143"
"5020.0","37.772614","-122.39851"
"3799.0","37.779277","-122.392211"
"4800.0","37.785639","-122.397265"
"2295.0","37.77493","-122.41942"
"3895.0","37.792709","-122.418504"
"3925.0","37.779062","-122.507234"
"3995.0","37.793014","-122.416113"
"4000.0","37.77493","-122.41942"
"1500.0","37.72715","-122.43681"
"5889.0","37.77408","-122.390142"
"3595.0","37.778517","-122.423873"
"9750.0","37.791744","-122.446897"
"4250.0","37.795186","-122.427564"
"8250.0","37.794058","-122.436567"
"3595.0","37.75986","-122.4148"
"6750.0","37.80051","-122.426609"
"9550.0","37.79405","-122.436426"
"5995.0","37.768732","-122.451734"
"3150.0","37.786003","-122.418863"
"4500.0","37.798097","-122.417186"
"3500.0","37.801934","-122.412919"
"3250.0","37.77987","-122.46475"
"6700.0","37.794728","-122.43149"
"4250.0","37.795203","-122.427607"
"4250.0","37.760101","-122.421425"
"2925.0","37.794042","-122.452358"
"2995.0","37.7725","-122.4147"
"5995.0","37.80271","-122.4058"
"5995.0","37.804367","-122.408332"
"3188.0","37.779296","-122.395304"
"4500.0","37.7621","-122.3971"
"5025.0","37.762682","-122.425268"
"4300.0","37.786301","-122.425311"
"4435.0","37.776668","-122.419238"
"1676.0","37.7759","-122.50287"
"2400.0","37.77493","-122.41942"
"4655.0","37.773564","-122.391"
"4650.0","37.762463","-122.398461"
"5315.0","37.786248","-122.402025"
"3200.0","37.7441","-122.4863"
"1699.0","37.72715","-122.43681"
"5325.0","37.7813","-122.4167"
"4403.0","37.776651","-122.417715"
"4350.0","37.781306","-122.406248"
"3181.0","37.7211","-122.4754"
"3900.0","37.747782","-122.487842"
"1400.0","37.7759","-122.50287"
"2000.0","37.75611","-122.476554"
"4195.0","37.789099","-122.424796"
"3600.0","37.790227","-122.408251"
"3700.0","37.790227","-122.408251"
"3700.0","37.776789","-122.42747"
"3700.0","37.776789","-122.42747"
"3180.0","37.77493","-122.41942"
"5200.0","37.789726","-122.42883"
"4195.0","37.789133","-122.424431"
"5000.0","37.794158","-122.424781"
"4250.0","37.789692","-122.428851"
"1999.0","37.781477","-122.49666"
"3250.0","37.7211","-122.4754"
"4295.0","37.789629","-122.435673"
"4000.0","37.742214","-122.418594"
"1475.0","37.7759","-122.50287"
"3750.0","37.787","-122.43682"
"4000.0","37.778228","-122.445159"
"2900.0","37.7354","-122.4571"
"2995.0","37.772207","-122.413616"
"2995.0","37.772112","-122.413713"
"4650.0","37.761476","-122.393488"
"3400.0","37.774446","-122.452948"
"4503.0","37.780265","-122.403387"
"3400.0","37.738123","-122.410264"
"5200.0","37.803545","-122.4119"
"2700.0","37.763467","-122.479267"
"4800.0","37.760461","-122.428465"
"3895.0","37.769807","-122.423371"
"4495.0","37.75986","-122.4148"
"5995.0","37.798949","-122.446039"
"2800.0","37.77966","-122.43874"
"3645.0","37.785818","-122.456961"
"4600.0","37.747339","-122.409378"
"4200.0","37.752108","-122.41185"
"3500.0","37.759825","-122.467153"
"4900.0","37.779996","-122.389487"
"2700.0","37.7759","-122.50287"
"4295.0","37.790405","-122.413123"
"3250.0","37.772098","-122.420758"
"7260.0","37.7999","-122.4342"
"3800.0","37.773449","-122.491798"
"3795.0","37.785105","-122.440994"
"6500.0","37.7969","-122.421961"
"3750.0","37.772232","-122.509959"
"6850.0","37.790878","-122.403093"
"3750.0","37.772232","-122.509959"
"3495.0","37.714897","-122.460718"
"4995.0","37.753921","-122.430472"
"4990.0","37.771717","-122.42362"
"2900.0","37.782802","-122.467629"
"3800.0","37.797972","-122.444153"
"3975.0","37.741942","-122.419109"
"6900.0","37.791153","-122.395813"
"10500.0","37.791153","-122.395813"
"4290.0","37.79065","-122.408886"
"3180.0","37.772316","-122.428802"
"2650.0","37.782163","-122.477152"
"3690.0","37.76795","-122.425354"
"650.0","37.77987","-122.46475"
"1250.0","37.71498","-122.40532"
"6930.0","37.7786","-122.4892"
"2900.0","37.761219","-122.487927"
"5695.0","37.801506","-122.423236"
"4995.0","37.757818","-122.418975"
"4995.0","37.755437","-122.418748"
"1000.0","37.7712","-122.4413"
"3595.0","37.76228","-122.4618"
"7450.0","37.755821","-122.419367"
"6050.0","37.78067","-122.38814"
"7225.0","37.786765","-122.392053"
"7225.0","37.786068","-122.392937"
"2600.0","37.71498","-122.40532"
"4000.0","37.750646","-122.411472"
"5045.0","37.777138","-122.39305"
"3000.0","37.76228","-122.4618"
"4295.0","37.74116","-122.41784"
"5500.0","37.796461","-122.440422"
"2800.0","37.78594","-122.4907"
"4650.0","37.786816","-122.461471"
"3500.0","37.7509","-122.4153"
"3850.0","37.77021","-122.445345"
"2000.0","37.77493","-122.41942"
"4995.0","37.7587","-122.433"
"5289.0","37.77409","-122.391086"
"4000.0","37.750851","-122.428096"
"4403.0","37.776634","-122.417758"
"4000.0","37.743707","-122.482131"
"4650.0","37.7623","-122.43827"
"1800.0","37.7759","-122.50287"
"3500.0","37.71627","-122.38882"
"2380.0","37.726084","-122.409527"
"2380.0","37.726084","-122.409527"
"1895.0","37.773131","-122.492833"
"3495.0","37.795678","-122.391815"
"7500.0","37.805689","-122.435545"
"4995.0","37.785826","-122.424517"
"3450.0","37.7211","-122.4754"
"3650.0","37.795542","-122.391644"
"5950.0","37.785899","-122.39937"
"5450.0","37.768596","-122.426706"
"7225.0","37.786765","-122.392053"
"4500.0","37.774031","-122.395577"
"3595.0","37.767581","-122.431422"
"4995.0","37.755634","-122.418916"
"3800.0","37.775823","-122.407758"
"4995.0","37.798472","-122.417218"
"5900.0","37.79252","-122.43823"
"4265.0","37.791456","-122.392342"
"2500.0","37.72168","-122.411123"
"1682.0","37.7759","-122.50287"
"4200.0","37.763077","-122.388276"
"3895.0","37.7725","-122.4147"
"3650.0","37.775726","-122.446456"
"7500.0","37.8002","-122.4091"
"2575.0","37.7759","-122.50287"
"4995.0","37.779068","-122.438621"
"6484.0","37.779116","-122.404841"
"4850.0","37.786627","-122.46576"
"10000.0","37.783146","-122.394606"
"4200.0","37.760851","-122.448959"
"5800.0","37.795945","-122.421768"
"5500.0","37.746465","-122.408125"
"3795.0","37.790206","-122.438165"
"5493.0","37.774175","-122.391161"
"1500.0","37.731574","-122.442021"
"2995.0","37.7211","-122.4754"
"3850.0","37.79804","-122.41514"
"3295.0","37.769779","-122.446888"
"3995.0","37.79457","-122.39994"
"4025.0","37.763048","-122.388738"
"2100.0","37.714394","-122.413728"
"2000.0","37.75611","-122.476554"
"4044.0","37.777555","-122.413034"
"3295.0","37.77043","-122.443621"
"3199.0","37.7211","-122.4754"
"3300.0","37.7509","-122.4153"
"4218.0","37.785067","-122.435569"
"6240.0","37.786068","-122.392937"
"4900.0","37.74116","-122.41784"
"1856.0","37.7759","-122.50287"
"1465.0","37.79857","-122.40795"
"6075.0","37.786068","-122.392937"
"3595.0","37.769779","-122.446888"
"6000.0","37.791153","-122.395813"
"6200.0","37.791153","-122.395813"
"3600.0","37.795949","-122.433573"
"4000.0","37.77493","-122.41942"
"2600.0","37.7759","-122.50287"
"4170.0","37.785043","-122.435702"
"5495.0","37.794458","-122.426045"
"4295.0","37.782685","-122.422464"
"3400.0","37.73746","-122.49855"
"5000.0","37.754359","-122.4366"
"2995.0","37.72992","-122.46642"
"4350.0","37.793254","-122.421263"
"1462.0","37.7759","-122.50287"
"4218.0","37.785105","-122.435683"
"4795.0","37.764868","-122.423115"
"2945.0","37.787493","-122.414694"
"5800.0","37.756448","-122.441627"
"4195.0","37.769619","-122.4262"
"6000.0","37.777028","-122.393184"
"4395.0","37.787836","-122.393396"
"4000.0","37.775176","-122.457819"
"3647.0","37.71418","-122.45663"
"4400.0","37.79091","-122.42239"
"6150.0","37.786248","-122.402025"
"5023.0","37.78067","-122.38814"
"4500.0","37.764438","-122.500044"
"4350.0","37.793254","-122.421263"
"3950.0","37.771983","-122.497047"
"4800.0","37.783137","-122.454456"
"4360.0","37.779277","-122.392211"
"4750.0","37.785542","-122.396705"
"3500.0","37.787352","-122.446083"
"3250.0","37.787403","-122.413299"
"3950.0","37.732746","-122.485427"
"3595.0","37.759265","-122.489722"
"3750.0","37.76922","-122.44814"
"3650.0","37.761303","-122.470417"
"1300.0","37.72715","-122.43681"
"3650.0","37.778517","-122.446854"
"1495.0","37.72992","-122.46642"
"5199.0","37.796879","-122.437138"
"1935.0","37.72715","-122.43681"
"3900.0","37.797075","-122.416936"
"4250.0","37.778501","-122.447998"
"3400.0","37.775103","-122.469708"
"4205.0","37.7195","-122.4411"
"3995.0","37.7587","-122.433"
"3975.0","37.775787","-122.393355"
"3995.0","37.777136","-122.466154"
"4200.0","37.764296","-122.388849"
"4428.0","37.7621","-122.3971"
"3300.0","37.719292","-122.459194"
"4025.0","37.763048","-122.388738"
"1645.0","37.77493","-122.41942"
"3650.0","37.78446","-122.431183"
"3750.0","37.78446","-122.431183"
"3400.0","37.741829","-122.431001"
"2139.0","37.72715","-122.43681"
"4500.0","37.758539","-122.433666"
"4200.0","37.760933","-122.447625"
"2995.0","37.73746","-122.49855"
"6500.0","37.778585","-122.412157"
"14000.0","37.789369","-122.391858"
"6500.0","37.775837","-122.421126"
"3149.0","37.760198","-122.44621"
"4750.0","37.772189","-122.452437"
"3500.0","37.762198","-122.494228"
"2800.0","37.775667","-122.44827"
"2500.0","37.730238","-122.395244"
"2790.0","37.77621","-122.467239"
"4450.0","37.780265","-122.403387"
"2996.0","37.77493","-122.41942"
"2995.0","37.777185","-122.465068"
"3600.0","37.769706","-122.443657"
"1215.0","37.771689","-122.503473"
"4200.0","37.775261","-122.400409"
"1800.0","37.72992","-122.46642"
"4500.0","37.767078","-122.419106"
"3149.0","37.74916","-122.442599"
"2995.0","37.75986","-122.4148"
"4579.0","37.787836","-122.393396"
"4000.0","37.79457","-122.39994"
"3595.0","37.78594","-122.4907"
"4574.0","37.790996","-122.409715"
"4000.0","37.746171","-122.425724"
"4100.0","37.795475","-122.425632"
"5349.0","37.79252","-122.43823"
"7500.0","37.796575","-122.432016"
"5500.0","37.7621","-122.3971"
"3149.0","37.7587","-122.433"
"6545.0","37.776414","-122.417341"
"3450.0","37.7211","-122.4754"
"2949.0","37.715331","-122.49361"
"3555.0","37.780181","-122.409709"
"5550.0","37.768602","-122.426796"
"2795.0","37.726601","-122.429044"
"2850.0","37.755584","-122.444219"
"5150.0","37.803705","-122.443603"
"1894.0","37.7759","-122.50287"
"4195.0","37.790254","-122.415559"
"3500.0","37.761029","-122.474685"
"4400.0","37.76289","-122.428509"
"3000.0","37.735069","-122.420447"
"1900.0","37.772032","-122.495972"
"4550.0","37.795527","-122.425057"
"2300.0","37.7195","-122.4411"
"2970.0","37.74299","-122.4158"
"1695.0","37.72715","-122.43681"
"2000.0","37.7786","-122.4892"
"4400.0","37.782531","-122.483836"
"3795.0","37.775662","-122.409214"
"4395.0","37.761324","-122.38864"
"7500.0","37.789234","-122.391375"
"3165.0","37.71498","-122.40532"
"2800.0","37.742074","-122.466412"
"3000.0","37.7786","-122.4892"
"4750.0","37.778562","-122.403514"
"3799.0","37.779277","-122.392211"
"5200.0","37.788285","-122.446232"
"5300.0","37.787298","-122.394481"
"5900.0","37.800571","-122.404335"
"6500.0","37.793977","-122.429804"
"3750.0","37.745","-122.4383"
"3675.0","37.79076","-122.426709"
"5800.0","37.77987","-122.46475"
"11000.0","37.7864","-122.3892"
"2700.0","37.763467","-122.479267"
"3995.0","37.769163","-122.4291"
"7950.0","37.802799","-122.420724"
"6000.0","37.789336","-122.390614"
"4435.0","37.776369","-122.419506"
"6300.0","37.785945","-122.392459"
"4950.0","37.7725","-122.4147"
"4450.0","37.781552","-122.432091"
"5500.0","37.790259","-122.444834"
"3200.0","37.78594","-122.4907"
"3600.0","37.770952","-122.446993"
"3995.0","37.754124","-122.4016"
"4500.0","37.786472","-122.393445"
"2950.0","37.771865","-122.439874"
"3600.0","37.785824","-122.458062"
"4500.0","37.784792","-122.478633"
"3900.0","37.75024","-122.4337"
"4400.0","37.7917","-122.4186"
"3700.0","37.790227","-122.408251"
"4500.0","37.787971","-122.430275"
"3795.0","37.79091","-122.42239"
"4500.0","37.7563","-122.4485"
"2400.0","37.747115","-122.487806"
"3550.0","37.716078","-122.473955"
"4200.0","37.752907","-122.407291"
"3700.0","37.7309","-122.3886"
"745.0","37.79145","-122.4074"
"4500.0","37.785012","-122.451017"
"4750.0","37.749147","-122.429604"
"2800.0","37.77768","-122.44685"
"4100.0","37.760851","-122.448959"
"3495.0","37.76613","-122.428819"
"4300.0","37.79065","-122.408886"
"5995.0","37.7989","-122.446103"
"3795.0","37.769782","-122.423551"
"4495.0","37.764693","-122.42295"
"5995.0","37.7989","-122.446082"
"3095.0","37.764574","-122.465372"
"3595.0","37.759265","-122.489722"
"3600.0","37.75024","-122.4337"
"3875.0","37.772303","-122.416428"
"5500.0","37.78594","-122.4907"
"3750.0","37.778607","-122.439752"
"4000.0","37.759975","-122.473652"
"1695.0","37.7759","-122.50287"
"2950.0","37.772434","-122.435429"
"1885.0","37.72715","-122.43681"
"2575.0","37.7759","-122.50287"
"5401.0","37.796322","-122.39851"
"3595.0","37.767475","-122.431641"
"4025.0","37.762786","-122.388727"
"3500.0","37.746766","-122.413532"
"5500.0","37.803724","-122.409847"
"2575.0","37.7759","-122.50287"
"3595.0","37.767509","-122.431598"
"4347.0","37.7694","-122.3867"
"5448.0","37.77408","-122.390142"
"4295.0","37.789952","-122.425616"
"3495.0","37.76613","-122.428819"
"3695.0","37.757959","-122.461767"
"4750.0","37.78067","-122.38814"
"4800.0","37.744085","-122.410368"
"2575.0","37.7759","-122.50287"
"1590.0","37.77493","-122.41942"
"2750.0","37.71498","-122.40532"
"4155.0","37.784944","-122.43473"
"1750.0","37.7759","-122.50287"
"3650.0","37.765097","-122.455466"
"3000.0","37.78594","-122.4907"
"4400.0","37.766361","-122.425004"
"4995.0","37.79252","-122.43823"
"5500.0","37.756249","-122.419942"
"4495.0","37.789952","-122.425616"
"4800.0","37.800104","-122.40424"
"5000.0","37.79804","-122.41514"
"4200.0","37.786715","-122.451777"
"3799.0","37.779761","-122.392816"
"3395.0","37.78631","-122.416449"
"5500.0","37.750426","-122.422392"
"3408.0","37.780181","-122.409709"
"4500.0","37.774821","-122.412947"
"4398.0","37.7694","-122.3867"
"1280.0","37.77493","-122.41942"
"3995.0","37.776408","-122.426701"
"4700.0","37.803761","-122.413223"
"5300.0","37.784917","-122.397496"
"4195.0","37.764473","-122.472668"
"3800.0","37.74807","-122.447641"
"3800.0","37.74807","-122.447641"
"4295.0","37.763987","-122.444412"
"2950.0","37.7195","-122.4411"
"2900.0","37.76228","-122.4618"
"3895.0","37.7856","-122.4358"
"3895.0","37.79802","-122.42742"
"3100.0","37.751819","-122.414017"
"5028.0","37.783808","-122.398338"
"4400.0","37.768602","-122.426796"
"4645.0","37.753734","-122.431211"
"3400.0","37.76922","-122.44814"
"3250.0","37.74123","-122.438593"
"5025.0","37.768602","-122.426796"
"4650.0","37.7917","-122.4186"
"6000.0","37.777028","-122.393184"
"4630.0","37.779761","-122.392816"
"4460.0","37.779761","-122.392816"
"6785.0","37.776414","-122.417341"
"3350.0","37.7211","-122.4754"
"5504.0","37.794895","-122.429989"
"4590.0","37.778728","-122.472174"
"2575.0","37.7759","-122.50287"
"3550.0","37.79091","-122.42239"
"4800.0","37.762113","-122.404259"
"5000.0","37.783638","-122.42044"
"4495.0","37.780265","-122.403387"
"3600.0","37.773072","-122.495992"
"5000.0","37.801409","-122.427607"
"2295.0","37.77493","-122.41942"
"4500.0","37.7441","-122.4863"
"5500.0","37.796063","-122.428538"
"4500.0","37.765996","-122.431038"
"4300.0","37.776541","-122.417501"
"2525.0","37.781728","-122.482706"
"6000.0","37.789369","-122.391858"
"3000.0","37.773528","-122.47996"
"4350.0","37.79802","-122.42742"
"3149.0","37.760164","-122.446189"
"3600.0","37.769706","-122.443657"
"4574.0","37.78317","-122.432681"
"4495.0","37.764859","-122.422853"
"4155.0","37.785074","-122.435604"
"4495.0","37.7509","-122.4153"
"4510.0","37.791311","-122.392525"
"4343.0","37.780265","-122.403387"
"6200.0","37.7621","-122.3971"
"6100.0","37.803528","-122.404561"
"2895.0","37.738124","-122.384605"
"3995.0","37.769868","-122.422365"
"1885.0","37.72715","-122.43681"
"9999.0","37.795203","-122.435031"
"2600.0","37.79091","-122.42239"
"3790.0","37.75996","-122.408981"
"5995.0","37.7989","-122.446017"
"4950.0","37.769178","-122.433572"
"3899.0","37.779761","-122.392816"
"5900.0","37.794237","-122.434423"
"4250.0","37.77591","-122.42452"
"1856.0","37.7759","-122.50287"
"4250.0","37.775074","-122.427542"
"4175.0","37.739723","-122.426748"
"4175.0","37.739787","-122.42692"
"5299.0","37.798324","-122.440798"
"4295.0","37.75024","-122.4337"
"5500.0","37.775787","-122.393355"
"3895.0","37.757755","-122.461596"
"3750.0","37.784438","-122.446247"
"1650.0","37.72992","-122.46642"
"5324.0","37.791982","-122.424207"
"3100.0","37.7509","-122.4153"
"4574.0","37.790996","-122.409715"
"6200.0","37.785979","-122.392545"
"4175.0","37.79252","-122.43823"
"7500.0","37.787298","-122.394481"
"3995.0","37.793014","-122.416113"
"4500.0","37.751842","-122.425153"
"8500.0","37.791017","-122.399149"
"4195.0","37.76577","-122.469961"
"4800.0","37.787","-122.43682"
"4800.0","37.786108","-122.424841"
"4990.0","37.795106","-122.428344"
"4800.0","37.783137","-122.454456"
"6990.0","37.791153","-122.395813"
"4500.0","37.789574","-122.412286"
"3495.0","37.714897","-122.460718"
"4990.0","37.786108","-122.424841"
"2650.0","37.760803","-122.497353"
"4600.0","37.7587","-122.433"
"5450.0","37.786068","-122.392937"
"3490.0","37.77752","-122.455877"
"3750.0","37.79252","-122.43823"
"3850.0","37.747498","-122.424735"
"3200.0","37.77539","-122.449708"
"4500.0","37.7712","-122.4413"
"3250.0","37.782361","-122.477374"
"7000.0","37.777922","-122.412568"
"4495.0","37.743626","-122.427889"
"3200.0","37.791173","-122.408315"
"3400.0","37.7812","-122.4614"
"3800.0","37.745974","-122.443377"
"4700.0","37.8002","-122.4091"
"7900.0","37.7999","-122.4342"
"3200.0","37.782316","-122.460051"
"3195.0","37.777211","-122.441554"
"2400.0","37.716061","-122.402091"
"3850.0","37.769324","-122.430739"
"3000.0","37.766156","-122.461199"
"2995.0","37.715928","-122.478269"
"2925.0","37.784243","-122.475365"
"2700.0","37.72705","-122.4332"
"2950.0","37.7441","-122.4863"
"4195.0","37.745296","-122.440088"
"4473.0","37.78317","-122.432681"
"2299.0","37.72715","-122.43681"
"4295.0","37.7906","-122.412838"
"4295.0","37.7906","-122.412838"
"4800.0","37.776104","-122.410267"
"4200.0","37.787101","-122.473314"
"4394.0","37.766159","-122.430641"
"1700.0","37.7759","-122.50287"
"3973.0","37.777573","-122.397484"
"4300.0","37.780265","-122.403387"
"4250.0","37.769526","-122.45071"
"7000.0","37.795559","-122.425225"
"2995.0","37.7917","-122.4186"
"4300.0","37.7834","-122.424295"
"2250.0","37.79804","-122.41514"
"1800.0","37.77987","-122.46475"
"3200.0","37.737764","-122.489488"
"4745.0","37.761324","-122.38864"
"3350.0","37.773937","-122.462261"
"4800.0","37.7917","-122.4186"
"3700.0","37.798762","-122.422337"
"4800.0","37.78726","-122.4468"
"4500.0","37.79804","-122.41514"
"2499.0","37.71498","-122.40532"
"4300.0","37.760944","-122.473869"
"6713.0","37.77408","-122.390142"
"3800.0","37.769967","-122.431703"
"4834.0","37.766159","-122.430641"
"2800.0","37.74272","-122.483192"
"4574.0","37.790996","-122.409715"
"4400.0","37.792634","-122.426157"
"3300.0","37.776221","-122.411606"
"5349.0","37.791982","-122.424207"
"6990.0","37.7864","-122.3892"
"12950.0","37.7509","-122.4153"
"4948.0","37.783629","-122.397081"
"1500.0","37.72715","-122.43681"
"4400.0","37.776634","-122.417672"
"6930.0","37.776414","-122.417341"
"5040.0","37.787575","-122.391477"
"4428.0","37.7621","-122.3971"
"4044.0","37.777555","-122.413034"
"1849.0","37.72715","-122.43681"
"8000.0","37.790676","-122.403402"
"4400.0","37.768602","-122.426796"
"3500.0","37.779097","-122.485739"
"6050.0","37.786139","-122.392847"
"3200.0","37.710324","-122.468998"
"3600.0","37.769706","-122.443657"
"2500.0","37.761181","-122.488779"
"3250.0","37.756092","-122.469192"
"4700.0","37.801068","-122.419382"
"4350.0","37.761182","-122.432842"
"2200.0","37.72715","-122.43681"
"4155.0","37.785058","-122.435682"
"3076.0","37.77493","-122.41942"
"5495.0","37.777281","-122.434864"
"4600.0","37.766014","-122.430824"
"4500.0","37.761282","-122.444008"
"4200.0","37.758539","-122.433666"
"2995.0","37.77987","-122.46475"
"1500.0","37.77493","-122.41942"
"3650.0","37.74116","-122.41784"
"3225.0","37.77493","-122.41942"
"3595.0","37.767595","-122.431191"
"3750.0","37.787","-122.43682"
"1500.0","37.72715","-122.43681"
"1200.0","37.72715","-122.43681"
"1150.0","37.77493","-122.41942"
"6500.0","37.8002","-122.4091"
"5200.0","37.801575","-122.43748"
"5000.0","37.751325","-122.426287"
"3625.0","37.79252","-122.43823"
"6300.0","37.79183","-122.43959"
"2199.0","37.72715","-122.43681"
"3400.0","37.776094","-122.444175"
"3200.0","37.73746","-122.49855"
"1900.0","37.7195","-122.4411"
"2695.0","37.747879","-122.493424"
"4500.0","37.77987","-122.46475"
"3650.0","37.778072","-122.424904"
"5500.0","37.747797","-122.424765"
"2600.0","37.7593","-122.4836"
"4500.0","37.77987","-122.46475"
"2600.0","37.790327","-122.4443"
"6000.0","37.758537","-122.435893"
"3100.0","37.755974","-122.469063"
"3995.0","37.780054","-122.404745"
"3700.0","37.787","-122.43682"
"4100.0","37.756126","-122.469041"
"1800.0","37.77493","-122.41942"
"3100.0","37.7195","-122.4411"
"2199.0","37.72715","-122.43681"
"6713.0","37.774107","-122.390978"
"3990.0","37.805185","-122.403436"
"4950.0","37.804802","-122.40842"
"5495.0","37.764141","-122.391781"
"3700.0","37.750495","-122.434007"
"5650.0","37.786386","-122.434301"
"3000.0","37.803663","-122.408192"
"3149.0","37.750279","-122.442727"
"3350.0","37.774605","-122.455896"
"5800.0","37.803952","-122.425675"
"1601.0","37.77493","-122.41942"
"3149.0","37.745","-122.4383"
"4400.0","37.776541","-122.417501"
"5800.0","37.77987","-122.46475"
"4450.0","37.77243","-122.396951"
"4990.0","37.771717","-122.42362"
"5621.0","37.7974","-122.4001"
"4800.0","37.798086","-122.439044"
"4500.0","37.803929","-122.404184"
"4950.0","37.761555","-122.440106"
"5000.0","37.803391","-122.446073"
"6000.0","37.804664","-122.405954"
"2745.0","37.738239","-122.500058"
"4000.0","37.787379","-122.39544"
"5500.0","37.783785","-122.39893"
"6500.0","37.78067","-122.38814"
"4000.0","37.761324","-122.38864"
"4497.0","37.711366","-122.391925"
"1999.0","37.78317","-122.432681"
"3800.0","37.7737","-122.491722"
"4867.0","37.776541","-122.417501"
"2600.0","37.7712","-122.4413"
"3500.0","37.761029","-122.474685"
"5400.0","37.803705","-122.443603"
"4400.0","37.76289","-122.428509"
"3775.0","37.741342","-122.491697"
"2950.0","37.775903","-122.493217"
"4750.0","37.766881","-122.420483"
"4000.0","37.76049","-122.40087"
"3700.0","37.757602","-122.409389"
"3800.0","37.775823","-122.407758"
"4305.0","37.791456","-122.392342"
"4025.0","37.763048","-122.388738"
"2995.0","37.786003","-122.418863"
"2795.0","37.723723","-122.43702"
"6500.0","37.794701","-122.4315"
"5025.0","37.762682","-122.425268"
"4895.0","37.764653","-122.466354"
"4363.0","37.780265","-122.403387"
"1832.0","37.72715","-122.43681"
"2000.0","37.71498","-122.40532"
"4300.0","37.711351","-122.394025"
"1900.0","37.762995","-122.489984"
"2985.0","37.77493","-122.41942"
"1601.0","37.77493","-122.41942"
"3700.0","37.73777","-122.4321"
"5000.0","37.803935","-122.434022"
"2495.0","37.77493","-122.41942"
"2500.0","37.7593","-122.4836"
"2995.0","37.777185","-122.465068"
"3499.0","37.7211","-122.4754"
"4800.0","37.7917","-122.4186"
"4500.0","37.745","-122.4383"
"4700.0","37.801068","-122.419382"
"4800.0","37.744085","-122.410368"
"4795.0","37.792088","-122.444656"
"4000.0","37.790459","-122.429092"
"2441.0","37.71498","-122.40532"
"5000.0","37.75024","-122.4337"
"8805.0","37.77408","-122.390142"
"3200.0","37.710256","-122.469116"
"4745.0","37.761324","-122.38864"
"5000.0","37.743431","-122.4311"
"2895.0","37.75024","-122.4337"
"4750.0","37.766674","-122.419825"
"4838.0","37.787575","-122.391477"
"4209.0","37.802069","-122.414569"
"1450.0","37.77493","-122.41942"
"3295.0","37.73746","-122.49855"
"5500.0","37.800415","-122.424359"
"4958.0","37.783629","-122.397081"
"4300.0","37.770972","-122.422468"
"3225.0","37.717243","-122.480778"
"1605.0","37.77493","-122.41942"
"4295.0","37.784673","-122.436874"
"3895.0","37.7725","-122.4147"
"4480.0","37.746412","-122.421704"
"4600.0","37.803929","-122.404184"
"2750.0","37.7195","-122.4411"
"4499.0","37.757301","-122.398939"
"4550.0","37.795527","-122.425057"
"5095.0","37.798472","-122.417218"
"3800.0","37.762741","-122.442211"
"4675.0","37.787578","-122.421523"
"1774.0","37.72715","-122.43681"
"3300.0","37.750064","-122.421401"
"3650.0","37.7917","-122.4186"
"3900.0","37.742897","-122.426594"
"2790.0","37.77987","-122.46475"
"5250.0","37.800663","-122.42241"
"1850.0","37.7786","-122.4892"
"4425.0","37.7725","-122.4147"
"3100.0","37.780326","-122.462083"
"4000.0","37.750646","-122.411472"
"3875.0","37.772303","-122.416428"
"2545.0","37.77493","-122.41942"
"3800.0","37.7725","-122.4147"
"2795.0","37.77493","-122.41942"
"3650.0","37.79252","-122.43823"
"5600.0","37.792377","-122.414025"
"2545.0","37.77493","-122.41942"
"4400.0","37.776541","-122.417501"
"2395.0","37.77493","-122.41942"
"2515.0","37.77493","-122.41942"
"4025.0","37.763048","-122.388738"
"2800.0","37.76654","-122.422044"
"4574.0","37.790996","-122.409715"
"2795.0","37.738648","-122.490431"
"5349.0","37.791982","-122.424207"
"4435.0","37.776369","-122.419506"
"2600.0","37.717936","-122.468036"
"5355.0","37.791982","-122.424207"
"5999.0","37.776333","-122.394035"
"4000.0","37.75024","-122.4337"
"5900.0","37.800571","-122.404335"
"5299.0","37.798324","-122.440798"
"1995.0","37.77493","-122.41942"
"3200.0","37.779283","-122.45986"
"4600.0","37.771717","-122.42362"
"5000.0","37.751842","-122.425153"
"6500.0","37.777092","-122.410506"
"2850.0","37.721814","-122.453879"
"4875.0","37.768602","-122.426796"
"4795.0","37.76613","-122.428819"
"6500.0","37.760169","-122.409941"
"4600.0","37.795106","-122.428344"
"4000.0","37.7195","-122.4411"
"4250.0","37.743035","-122.424309"
"4200.0","37.766576","-122.439502"
"4500.0","37.78594","-122.4907"
"4500.0","37.7509","-122.4153"
"900.0","37.71974","-122.39242"
"3795.0","37.775662","-122.409214"
"3795.0","37.775662","-122.409214"
"2380.0","37.717513","-122.396293"
"3000.0","37.7786","-122.4892"
"4795.0","37.792088","-122.444656"
"3000.0","37.7786","-122.4892"
"2995.0","37.723044","-122.43604"
"2495.0","37.744869","-122.476896"
"3000.0","37.784725","-122.469919"
"2850.0","37.73746","-122.49855"
"3900.0","37.797272","-122.41647"
"3800.0","37.756924","-122.402008"
"8786.0","37.773971","-122.390957"
"4995.0","37.723492","-122.454283"
"10000.0","37.791153","-122.395813"
"1000.0","37.719","-122.4096"
"3250.0","37.75024","-122.4337"
"4025.0","37.763048","-122.388738"
"3100.0","37.755804","-122.469213"
"4100.0","37.755736","-122.469106"
"4335.0","37.79457","-122.39994"
"1607.0","37.77493","-122.41942"
"4450.0","37.77243","-122.396951"
"6500.0","37.760169","-122.409941"
"4750.0","37.749147","-122.429604"
"3715.0","37.787587","-122.413957"
"2900.0","37.715278","-122.468008"
"3895.0","37.799997","-122.427645"
"7225.0","37.786765","-122.392053"
"1500.0","37.72715","-122.43681"
"1652.0","37.77493","-122.41942"
"1500.0","37.72715","-122.43681"
"3400.0","37.76922","-122.44814"
"5500.0","37.784917","-122.397496"
"6200.0","37.785899","-122.39937"
"4767.0","37.787836","-122.393396"
"4500.0","37.774031","-122.395577"
"14000.0","37.791153","-122.395813"
"2299.0","37.72715","-122.43681"
"580.0","37.77493","-122.41942"
"1395.0","37.72715","-122.43681"
"14000.0","37.791153","-122.395813"
"3225.0","37.716788","-122.475918"
"1607.0","37.77493","-122.41942"
"5500.0","37.768596","-122.426706"
"3375.0","37.762471","-122.444193"
"3000.0","37.722398","-122.430026"
"4250.0","37.79252","-122.43823"
"3200.0","37.710171","-122.468945"
"1900.0","37.77493","-122.41942"
"6800.0","37.7725","-122.4147"
"10000.0","37.792648","-122.4119"
"12000.0","37.793223","-122.41447"
"3100.0","37.751024","-122.438474"
"3295.0","37.747168","-122.409024"
"3800.0","37.745974","-122.443377"
"4497.0","37.711366","-122.391925"
"1325.0","37.72715","-122.43681"
"5000.0","37.786627","-122.46576"
"3995.0","37.772303","-122.416428"
"3850.0","37.77021","-122.445345"
"3200.0","37.754718","-122.492409"
"3850.0","37.773549","-122.434109"
"4200.0","37.753158","-122.429808"
"2400.0","37.77645","-122.473673"
"3200.0","37.716945","-122.481572"
"5107.0","37.787575","-122.391477"
"5324.0","37.791982","-122.424207"
"4574.0","37.790996","-122.409715"
"3500.0","37.73746","-122.49855"
"1967.0","37.7759","-122.50287"
"1475.0","37.71974","-122.39242"
"3350.0","37.7211","-122.4754"
"4650.0","37.786816","-122.461471"
"3625.0","37.79076","-122.426709"
"3280.0","37.7211","-122.4754"
"4200.0","37.777965","-122.445172"
"4300.0","37.760956","-122.474796"
"4025.0","37.763048","-122.388738"
"2299.0","37.72715","-122.43681"
"1847.0","37.72715","-122.43681"
"3800.0","37.762741","-122.442211"
"3149.0","37.760181","-122.446167"
"3900.0","37.771009","-122.445508"
"4995.0","37.7509","-122.4153"
"1900.0","37.74116","-122.41784"
"4200.0","37.755366","-122.419858"
"5450.0","37.78067","-122.38814"
"3995.0","37.769163","-122.4291"
"2900.0","37.761219","-122.487927"
"3500.0","37.787522","-122.429152"
"3795.0","37.7545","-122.43439"
"5500.0","37.786768","-122.442956"
"2000.0","37.72705","-122.4332"
"2000.0","37.72705","-122.4332"
"6900.0","37.790617","-122.396418"
"5910.0","37.786248","-122.402025"
"3800.0","37.741666","-122.416928"
"1400.0","37.713412","-122.413249"
"4375.0","37.750835","-122.469034"
"3995.0","37.785105","-122.440994"
"3000.0","37.772108","-122.430434"
"1350.0","37.77493","-122.41942"
"1999.0","37.72715","-122.43681"
"3100.0","37.761267","-122.487711"
"3600.0","37.773157","-122.492859"
"2550.0","37.73746","-122.49855"
"4404.0","37.780265","-122.403387"
"4900.0","37.78067","-122.38814"
"4435.0","37.7813","-122.4167"
"1850.0","37.71498","-122.40532"
"4100.0","37.792804","-122.417759"
"4530.0","37.766674","-122.419825"
"2100.0","37.72705","-122.4332"
"4250.0","37.751437","-122.431877"
"3750.0","37.787","-122.43682"
"6750.0","37.796705","-122.442183"
"10000.0","37.783146","-122.394606"
"4986.0","37.766159","-122.430641"
"4250.0","37.789372","-122.444788"
"1827.0","37.72715","-122.43681"
"2380.0","37.74607","-122.492027"
"3200.0","37.759927","-122.474724"
"3950.0","37.801528","-122.408767"
"2900.0","37.761181","-122.488779"
"5000.0","37.755437","-122.418748"
"3633.0","37.7211","-122.4754"
"3400.0","37.786369","-122.443635"
"2800.0","37.78594","-122.4907"
"3505.0","37.7211","-122.4754"
"4795.0","37.792253","-122.443829"
"3295.0","37.72025","-122.481362"
"3295.0","37.77493","-122.41942"
"3295.0","37.7211","-122.4754"
"3730.0","37.7917","-122.4186"
"4300.0","37.791311","-122.392525"
"4295.0","37.7906","-122.412838"
"4250.0","37.789372","-122.444788"
"4025.0","37.76049","-122.40087"
"4995.0","37.78067","-122.38814"
"3400.0","37.774022","-122.467132"
"4650.0","37.7545","-122.43439"
"4395.0","37.776408","-122.426701"
"3999.0","37.766159","-122.430641"
"4750.0","37.7621","-122.3971"
"3200.0","37.71708","-122.445808"
"6300.0","37.79183","-122.43959"
"4200.0","37.753158","-122.429808"
"3995.0","37.790206","-122.438165"
"2950.0","37.729397","-122.426025"
"4750.0","37.75024","-122.4337"
"4295.0","37.789116","-122.424839"
"3999.0","37.766661","-122.451317"
"5299.0","37.798324","-122.440798"
"3700.0","37.80101","-122.426851"
"7260.0","37.7999","-122.4342"
"2349.0","37.72715","-122.43681"
"1700.0","37.71974","-122.39242"
"2750.0","37.79301","-122.41611"
"2750.0","37.75986","-122.4148"
"1800.0","37.71627","-122.38882"
"3400.0","37.773971","-122.46711"
"3000.0","37.74127","-122.473707"
"3695.0","37.799162","-122.427476"
"2800.0","37.76521","-122.482615"
"3200.0","37.762696","-122.394595"
"4800.0","37.744085","-122.410368"
"5700.0","37.798112","-122.442468"
"3100.0","37.756092","-122.469192"
"4100.0","37.76228","-122.4618"
"5495.0","37.776464","-122.426263"
"3500.0","37.77984","-122.490097"
"3300.0","37.719292","-122.459194"
"3150.0","37.77493","-122.41942"
"4800.0","37.762113","-122.404259"
"3600.0","37.773072","-122.495992"
"3130.0","37.717896","-122.481902"
"1550.0","37.77493","-122.41942"
"1000.0","37.7509","-122.4153"
"3295.0","37.7211","-122.4754"
"4395.0","37.77591","-122.42452"
"4295.0","37.79252","-122.43823"
"4700.0","37.803761","-122.413223"
"1619.0","37.77493","-122.41942"
"4395.0","37.776408","-122.426701"
"3750.0","37.784438","-122.446247"
"4450.0","37.77243","-122.396951"
"4795.0","37.792088","-122.444656"
"3300.0","37.743565","-122.428883"
"6779.0","37.77408","-122.390142"
"3150.0","37.7211","-122.4754"
"3645.0","37.785964","-122.456963"
"7000.0","37.777922","-122.412568"
"2295.0","37.7211","-122.4754"
"1500.0","37.72715","-122.43681"
"2450.0","37.787757","-122.420116"
"4530.0","37.766674","-122.419825"
"4200.0","37.761968","-122.417179"
"4015.0","37.766159","-122.430641"
"3195.0","37.77493","-122.41942"
"3200.0","37.759927","-122.474724"
"3200.0","37.76228","-122.4618"
"3450.0","37.795135","-122.393703"
"4500.0","37.759305","-122.40794"
"3345.0","37.77493","-122.41942"
"4000.0","37.77493","-122.41942"
"4500.0","37.753042","-122.4057"
"2800.0","37.764204","-122.505339"
"4350.0","37.79301","-122.41611"
"3899.0","37.7211","-122.4754"
"4750.0","37.7694","-122.3867"
"4500.0","37.79301","-122.41611"
"2500.0","37.72992","-122.46642"
"3899.0","37.779277","-122.392211"
"3995.0","37.780054","-122.404745"
"5107.0","37.787575","-122.391477"
"4350.0","37.764744","-122.416363"
"5495.0","37.764141","-122.391781"
"3295.0","37.77493","-122.41942"
"5500.0","37.776889","-122.39542"
"3155.0","37.7211","-122.4754"
"3400.0","37.774005","-122.46711"
"2990.0","37.77493","-122.41942"
"3750.0","37.79252","-122.43823"
"4300.0","37.791311","-122.392525"
"4614.0","37.78067","-122.38814"
"4750.0","37.749147","-122.429604"
"3695.0","37.799273","-122.427478"
"3400.0","37.784418","-122.450845"
"6300.0","37.786139","-122.392847"
"3295.0","37.77493","-122.41942"
"3990.0","37.75996","-122.408981"
"4990.0","37.771717","-122.42362"
"3200.0","37.782126","-122.477358"
"4800.0","37.786108","-122.424841"
"1400.0","37.713211","-122.448108"
"4650.0","37.761476","-122.393488"
"2800.0","37.754146","-122.478616"
"3599.0","37.763279","-122.483554"
"4800.0","37.790574","-122.428465"
"2850.0","37.77493","-122.41942"
"3515.0","37.715849","-122.474433"
"4100.0","37.755668","-122.46902"
"3100.0","37.755804","-122.469213"
"2150.0","37.725615","-122.427612"
"5250.0","37.755106","-122.42429"
"4250.0","37.803237","-122.409749"
"3700.0","37.776789","-122.42747"
"2900.0","37.782802","-122.467629"
"4175.0","37.739787","-122.42692"
"4175.0","37.739723","-122.426748"
"3000.0","37.7211","-122.4754"
"3762.0","37.7917","-122.4186"
"4425.0","37.76654","-122.422044"
"3800.0","37.7545","-122.43439"
"4185.0","37.785012","-122.435565"
"4750.0","37.755054","-122.425116"
"5449.0","37.7974","-122.4001"
"3650.0","37.79252","-122.43823"
"2417.0","37.77493","-122.41942"
"4366.0","37.780265","-122.403387"
"2890.0","37.738601","-122.423353"
"3931.0","37.777573","-122.397484"
"1787.0","37.72715","-122.43681"
"2700.0","37.7759","-122.50287"
"2000.0","37.7759","-122.50287"
"5395.0","37.76922","-122.44814"
"3295.0","37.780326","-122.462083"
"3199.0","37.77493","-122.41942"
"3750.0","37.7759","-122.50287"
"2199.0","37.72715","-122.43681"
"3100.0","37.782756","-122.479552"
"3995.0","37.79802","-122.42742"
"3800.0","37.778568","-122.44694"
"3750.0","37.761303","-122.470417"
"4895.0","37.76228","-122.4618"
"3199.0","37.7211","-122.4754"
"4250.0","37.748367","-122.445043"
"1695.0","37.72715","-122.43681"
"4270.0","37.785135","-122.435683"
"2100.0","37.787","-122.43682"
"4300.0","37.77591","-122.42452"
"2695.0","37.726601","-122.429044"
"4393.0","37.796238","-122.400484"
"4200.0","37.804178","-122.417484"
"3995.0","37.779277","-122.392211"
"4300.0","37.78937","-122.446146"
"4500.0","37.77738","-122.465029"
"5750.0","37.803189","-122.43782"
"6805.0","37.7725","-122.4147"
"1000.0","37.719","-122.4096"
"4200.0","37.787101","-122.473314"
"2050.0","37.716079","-122.444563"
"6990.0","37.7864","-122.3892"
"1615.0","37.77699","-122.469361"
"3895.0","37.7856","-122.4358"
"4300.0","37.770106","-122.438664"
"3750.0","37.787","-122.43682"
"5500.0","37.784917","-122.397496"
"6200.0","37.785899","-122.39937"
"5450.0","37.768596","-122.426706"
"4767.0","37.787836","-122.393396"
"4200.0","37.752108","-122.41185"
"3199.0","37.7211","-122.4754"
"6305.0","37.787575","-122.391477"
"2145.0","37.71498","-122.40532"
"2800.0","37.754146","-122.478616"
"2349.0","37.72715","-122.43681"
"2800.0","37.754146","-122.478616"
"3514.0","37.780181","-122.409709"
"2195.0","37.7759","-122.50287"
"3149.0","37.750773","-122.442783"
"5500.0","37.755437","-122.418748"
"4995.0","37.762283","-122.389664"
"1889.0","37.7759","-122.50287"
"3200.0","37.796805","-122.415193"
"4209.0","37.802069","-122.414569"
"6000.0","37.757855","-122.439074"
"4700.0","37.774031","-122.395577"
"4650.0","37.78067","-122.38814"
"1600.0","37.7759","-122.50287"
"1795.0","37.71627","-122.38882"
"3250.0","37.76922","-122.44814"
"6000.0","37.7864","-122.3892"
"2850.0","37.784741","-122.47977"
"2850.0","37.784673","-122.479641"
"4100.0","37.75577","-122.469084"
"3495.0","37.775654","-122.440126"
"4300.0","37.79457","-122.39994"
"5355.0","37.802927","-122.419797"
"5349.0","37.791982","-122.424207"
"4500.0","37.779277","-122.392211"
"3000.0","37.775667","-122.44827"
"4895.0","37.764653","-122.466354"
"1575.0","37.7759","-122.50287"
"4080.0","37.745296","-122.440088"
"5995.0","37.776855","-122.39557"
"2750.0","37.718633","-122.459189"
"6000.0","37.768596","-122.426706"
"5450.0","37.791089","-122.408976"
"3495.0","37.7509","-122.4153"
"3300.0","37.77582","-122.491207"
"2450.0","37.760356","-122.507479"
"3650.0","37.713948","-122.47315"
"6300.0","37.786768","-122.442956"
"3295.0","37.71883","-122.480936"
"2200.0","37.780265","-122.403387"
"3495.0","37.715364","-122.478257"
"2900.0","37.7917","-122.4186"
"4430.0","37.791456","-122.392342"
"1850.0","37.71627","-122.38882"
"3300.0","37.735069","-122.420447"
"3100.0","37.784554","-122.48507"
"1700.0","37.71974","-122.39242"
"3550.0","37.758365","-122.423489"
"4530.0","37.77243","-122.396951"
"1787.0","37.72715","-122.43681"
"1585.0","37.77493","-122.41942"
"1300.0","37.753344","-122.442627"
"3899.0","37.779761","-122.392816"
"4975.0","37.78067","-122.38814"
"5250.0","37.783265","-122.420568"
"4978.0","37.796335","-122.400585"
"3155.0","37.71498","-122.40532"
"6000.0","37.777028","-122.393184"
"3800.0","37.806512","-122.410419"
"2440.0","37.7759","-122.50287"
"2575.0","37.7759","-122.50287"
"4500.0","37.7441","-122.4863"
"1787.0","37.72715","-122.43681"
"3505.0","37.7211","-122.4754"
"10500.0","37.791153","-122.395813"
"2399.0","37.7759","-122.50287"
"1445.0","37.72715","-122.43681"
"3275.0","37.7211","-122.4754"
"4382.0","37.78067","-122.38814"
"2000.0","37.7759","-122.50287"
"3100.0","37.756092","-122.469192"
"4283.0","37.780265","-122.403387"
"4100.0","37.755736","-122.469106"
"4000.0","37.750851","-122.428096"
"3500.0","37.776821","-122.496014"
"3300.0","37.743565","-122.428883"
"4600.0","37.80403","-122.403349"
"4800.0","37.744085","-122.410368"
"3555.0","37.7211","-122.4754"
"2499.0","37.71498","-122.40532"
"4025.0","37.763048","-122.388738"
"5200.0","37.792812","-122.414281"
"4435.0","37.776702","-122.419388"
"3000.0","37.7509","-122.4153"
"3800.0","37.78067","-122.38814"
"3200.0","37.7593","-122.4836"
"3199.0","37.7211","-122.4754"
"3295.0","37.7211","-122.4754"
"3149.0","37.74916","-122.442599"
"4510.0","37.76049","-122.40087"
"3200.0","37.71708","-122.445808"
"7250.0","37.7915","-122.4018"
"6753.0","37.77408","-122.390142"
"6050.0","37.786139","-122.392847"
"4995.0","37.78723","-122.391465"
"4600.0","37.773099","-122.430161"
"6032.0","37.787575","-122.391477"
"3899.0","37.779761","-122.392816"
"3600.0","37.737744","-122.428256"
"4995.0","37.801062","-122.419425"
"4209.0","37.802069","-122.414569"
"4200.0","37.804178","-122.417484"
"3300.0","37.712056","-122.451955"
"4745.0","37.761324","-122.38864"
"4200.0","37.778296","-122.441899"
"3595.0","37.78216","-122.48166"
"1827.0","37.72715","-122.43681"
"4795.0","37.79252","-122.43823"
"2500.0","37.77493","-122.41942"
"2700.0","37.782187","-122.416936"
"6205.0","37.802927","-122.419797"
"4450.0","37.77243","-122.396951"
"3199.0","37.720865","-122.475223"
"4695.0","37.73537","-122.424703"
"4500.0","37.74116","-122.41784"
"5995.0","37.776753","-122.39572"
"4574.0","37.790996","-122.409715"
"3000.0","37.76228","-122.4618"
"5324.0","37.791982","-122.424207"
"4750.0","37.784438","-122.446247"
"3400.0","37.774039","-122.46711"
"6000.0","37.750477","-122.422307"
"4000.0","37.750646","-122.411472"
"4800.0","37.762113","-122.404259"
"4195.0","37.790438","-122.413144"
"4400.0","37.786209","-122.398977"
"4295.0","37.79252","-122.43823"
"3595.0","37.7712","-122.4413"
"1500.0","37.77493","-122.41942"
"3500.0","37.755804","-122.469213"
"2149.0","37.72715","-122.43681"
"1800.0","37.77493","-122.41942"
"3395.0","37.77493","-122.41942"
"1550.0","37.72715","-122.43681"
"1999.0","37.72715","-122.43681"
"1850.0","37.72715","-122.43681"
"1520.0","37.72715","-122.43681"
"1500.0","37.72715","-122.43681"
"1425.0","37.72715","-122.43681"
"2866.0","37.77493","-122.41942"
"2822.0","37.77493","-122.41942"
"1475.0","37.77493","-122.41942"
"2149.0","37.72715","-122.43681"
"3685.0","37.77493","-122.41942"
"3685.0","37.77493","-122.41942"
"2350.0","37.77493","-122.41942"
"1450.0","37.77493","-122.41942"
"2000.0","37.72715","-122.43681"
"1660.0","37.72715","-122.43681"
"2700.0","37.72715","-122.43681"
"3200.0","37.77493","-122.41942"
"3800.0","37.76922","-122.436631"
"5500.0","37.801053","-122.442176"
"6300.0","37.79804","-122.41514"
"3500.0","37.78759","-122.429044"
"2500.0","37.77493","-122.41942"
"2149.0","37.72715","-122.43681"
"1900.0","37.77493","-122.41942"
"2000.0","37.729073","-122.448849"
"2339.0","37.71498","-122.40532"
"3500.0","37.78547","-122.459106"
"5010.0","37.791456","-122.392342"
"3906.0","37.787587","-122.413957"
"2500.0","37.7759","-122.50287"
"2580.0","37.77493","-122.41942"
"6000.0","37.791153","-122.395813"
"3150.0","37.772098","-122.420758"
"5063.0","37.78067","-122.38814"
"11965.0","37.786068","-122.392937"
"3565.0","37.7211","-122.4754"
"2450.0","37.73746","-122.49855"
"1550.0","37.72715","-122.43681"
"1500.0","37.72715","-122.43681"
"2150.0","37.7509","-122.4153"
"4950.0","37.7725","-122.4147"
"2950.0","37.76228","-122.4618"
"1750.0","37.724316","-122.434033"
"5500.0","37.79802","-122.42742"
"3995.0","37.769807","-122.423371"
"2200.0","37.72715","-122.43681"
"2750.0","37.77987","-122.46475"
"3400.0","37.792593","-122.419402"
"4044.0","37.777555","-122.413034"
"2150.0","37.725615","-122.427612"
"4100.0","37.805185","-122.403436"
"3300.0","37.77493","-122.41942"
"4160.0","37.7694","-122.3867"
"4875.0","37.791311","-122.392525"
"3500.0","37.78221","-122.43418"
"3795.0","37.785105","-122.440994"
"3300.0","37.745","-122.4383"
"2795.0","37.763658","-122.475243"
"5995.0","37.776889","-122.39542"
"3150.0","37.779996","-122.389487"
"3950.0","37.790451","-122.429159"
"2250.0","37.77493","-122.41942"
"2750.0","37.775471","-122.509113"
"4800.0","37.762113","-122.404259"
"2800.0","37.73746","-122.49855"
"2600.0","37.7593","-122.4836"
"3800.0","37.735669","-122.438821"
"4400.0","37.755736","-122.469106"
"1500.0","37.7759","-122.50287"
"2800.0","37.718633","-122.459189"
"3136.0","37.780181","-122.409709"
"3600.0","37.773157","-122.492859"
"3950.0","37.7545","-122.43439"
"1000.0","37.745","-122.4383"
"5950.0","37.786068","-122.392937"
"2000.0","37.77493","-122.41942"
"1600.0","37.77493","-122.41942"
"4990.0","37.78713","-122.425047"
"3450.0","37.75986","-122.4148"
"3300.0","37.7509","-122.4153"
"1850.0","37.71498","-122.40532"
"3000.0","37.7812","-122.4614"
"2600.0","37.7812","-122.4614"
"3450.0","37.7563","-122.4485"
"5341.0","37.773259","-122.390957"
"3550.0","37.7211","-122.4754"
"4778.0","37.796238","-122.400484"
"1800.0","37.71847","-122.444191"
"3500.0","37.761134","-122.466411"
"5068.0","37.783629","-122.397081"
"3350.0","37.774605","-122.455896"
"1409.0","37.7759","-122.50287"
"4195.0","37.8002","-122.4091"
"7500.0","37.805689","-122.435545"
"4780.0","37.778126","-122.391841"
"3555.0","37.7211","-122.4754"
"3175.0","37.772139","-122.413766"
"3175.0","37.75986","-122.4148"
"4500.0","37.794398","-122.426514"
"1863.0","37.72715","-122.43681"
"3425.0","37.76049","-122.40087"
"4915.0","37.77408","-122.390142"
"1728.0","37.7759","-122.50287"
"3400.0","37.762269","-122.464042"
"5401.0","37.7974","-122.4001"
"4200.0","37.737824","-122.429496"
"6000.0","37.786224","-122.389637"
"4850.0","37.803935","-122.434022"
"5750.0","37.795373","-122.426791"
"2600.0","37.794601","-122.409786"
"1800.0","37.73746","-122.49855"
"4200.0","37.736259","-122.431906"
"4200.0","37.764783","-122.424103"
"4500.0","37.74116","-122.41784"
"2625.0","37.778002","-122.498556"
"4502.0","37.711366","-122.391925"
"1425.0","37.73844","-122.462419"
"5500.0","37.801674","-122.406988"
"3800.0","37.7712","-122.4413"
"4800.0","37.754466","-122.421477"
"3295.0","37.7211","-122.4754"
"2995.0","37.7211","-122.4754"
"3795.0","37.759265","-122.489722"
"2750.0","37.71498","-122.40532"
"3350.0","37.77591","-122.42452"
"2324.0","37.7759","-122.50287"
"3750.0","37.720865","-122.475223"
"4360.0","37.791456","-122.392342"
"5308.0","37.787575","-122.391477"
"6000.0","37.773881","-122.401938"
"2200.0","37.763591","-122.488117"
"2600.0","37.7195","-122.4411"
"4600.0","37.7587","-122.433"
"3250.0","37.799751","-122.422537"
"6050.0","37.786139","-122.392847"
"2200.0","37.7593","-122.4836"
"4600.0","37.783827","-122.459045"
"4900.0","37.762682","-122.425268"
"4750.0","37.785373","-122.431366"
"5195.0","37.762283","-122.389664"
"1700.0","37.72715","-122.43681"
"2850.0","37.784673","-122.479641"
"6000.0","37.779695","-122.456497"
"2900.0","37.757637","-122.484234"
"6000.0","37.779683","-122.402658"
"4395.0","37.79802","-122.42742"
"4990.0","37.786108","-122.424841"
"4990.0","37.786108","-122.424841"
"4990.0","37.786108","-122.424841"
"4295.0","37.79091","-122.42239"
"2800.0","37.757277","-122.445015"
"3450.0","37.741997","-122.4258"
"5000.0","37.7621","-122.3971"
"2450.0","37.759056","-122.491859"
"5000.0","37.790438","-122.429345"
"3200.0","37.784418","-122.450845"
"3850.0","37.776142","-122.408316"
"3000.0","37.784418","-122.467346"
"4295.0","37.764788","-122.422846"
"5000.0","37.787021","-122.43346"
"3900.0","37.742288","-122.423402"
"3850.0","37.77021","-122.445345"
"4600.0","37.783358","-122.476373"
"5500.0","37.798472","-122.417218"
"1800.0","37.72715","-122.43681"
"2500.0","37.740738","-122.47226"
"4000.0","37.75024","-122.4337"
"3000.0","37.76228","-122.4618"
"2680.0","37.77493","-122.41942"
"4549.0","37.77243","-122.396951"
"1900.0","37.77493","-122.41942"
"1900.0","37.77493","-122.41942"
"4393.0","37.796238","-122.400484"
"2995.0","37.786003","-122.418863"
"2995.0","37.786003","-122.418863"
"4000.0","37.78194","-122.435814"
"5011.0","37.776651","-122.417736"
"2750.0","37.791088","-122.416577"
"4000.0","37.748762","-122.436067"
"4199.0","37.785058","-122.435702"
"2900.0","37.77241","-122.443117"
"3389.0","37.7211","-122.4754"
"3800.0","37.778466","-122.446876"
"4500.0","37.76049","-122.40087"
"2800.0","37.780976","-122.487967"
"4250.0","37.775317","-122.427724"
"6000.0","37.777028","-122.393184"
"5400.0","37.803705","-122.443603"
"4700.0","37.791384","-122.430792"
"3650.0","37.79252","-122.43823"
"3600.0","37.79076","-122.426709"
"3395.0","37.775103","-122.469708"
"4250.0","37.803138","-122.410419"
"4000.0","37.76228","-122.4618"
"3850.0","37.781535","-122.389948"
"4295.0","37.763987","-122.444412"
"5500.0","37.784917","-122.397496"
"3495.0","37.762725","-122.448217"
"6200.0","37.785899","-122.39937"
"4574.0","37.790996","-122.409715"
"5350.0","37.784917","-122.397496"
"2450.0","37.73746","-122.49855"
"2800.0","37.77493","-122.41942"
"1725.0","37.7786","-122.4892"
"4750.0","37.75024","-122.4337"
"3950.0","37.797972","-122.444153"
"2000.0","37.72715","-122.43681"
"2337.0","37.71498","-122.40532"
"4150.0","37.74116","-122.41784"
"3305.0","37.7211","-122.4754"
"3149.0","37.74916","-122.442599"
"2600.0","37.78594","-122.4907"
"4800.0","37.783137","-122.454456"
"4637.0","37.77243","-122.396951"
"4750.0","37.7694","-122.3867"
"2680.0","37.7759","-122.50287"
"1450.0","37.77493","-122.41942"
"5000.0","37.7587","-122.433"
"5382.0","37.77408","-122.390142"
"1728.0","37.7759","-122.50287"
"3500.0","37.782057","-122.427396"
"3395.0","37.774194","-122.436588"
"4665.0","37.776702","-122.419131"
"2995.0","37.76033","-122.508068"
"4400.0","37.794527","-122.411364"
"7500.0","37.7999","-122.4342"
"3149.0","37.7587","-122.433"
"4149.0","37.746523","-122.433221"
"4900.0","37.762682","-122.425268"
"2795.0","37.7759","-122.50287"
"4895.0","37.775662","-122.409214"
"2750.0","37.71498","-122.40532"
"4000.0","37.760469","-122.400209"
"6300.0","37.755817","-122.439356"
"1950.0","37.77493","-122.41942"
"3500.0","37.762392","-122.420878"
"6500.0","37.800571","-122.404335"
"3700.0","37.776789","-122.42747"
"4000.0","37.760218","-122.468191"
"3600.0","37.766816","-122.443566"
"3600.0","37.80132","-122.414887"
"2100.0","37.7786","-122.4892"
"3000.0","37.775023","-122.489791"
"3950.0","37.76814","-122.422199"
"2500.0","37.740758","-122.485205"
"14000.0","37.791153","-122.395813"
"3500.0","37.755804","-122.469213"
"1950.0","37.77493","-122.41942"
"3300.0","37.76929","-122.423358"
"3900.0","37.799709","-122.404161"
"3450.0","37.787098","-122.434258"
"3400.0","37.763065","-122.418423"
"2400.0","37.745455","-122.481358"
"4700.0","37.803766","-122.41235"
"5000.0","37.744085","-122.410368"
"2199.0","37.72715","-122.43681"
"1400.0","37.77493","-122.41942"
"1000.0","37.7195","-122.4411"
"4614.0","37.77243","-122.396951"
"5000.0","37.789457","-122.444119"
"725.0","37.77493","-122.41942"
"4000.0","37.786288","-122.473255"
"5521.0","37.7974","-122.4001"
"1823.0","37.72715","-122.43681"
"2200.0","37.718156","-122.396504"
"6600.0","37.7621","-122.3971"
"5243.0","37.783774","-122.398639"
"3000.0","37.780214","-122.405493"
"2950.0","37.762132","-122.497447"
"5995.0","37.757826","-122.39021"
"4250.0","37.747297","-122.433697"
"4900.0","37.753524","-122.423792"
"2900.0","37.7917","-122.4186"
"4200.0","37.764071","-122.403468"
"3290.0","37.7211","-122.4754"
"4750.0","37.788488","-122.437129"
"3995.0","37.762521","-122.397495"
"3250.0","37.7917","-122.4186"
"4550.0","37.77591","-122.42452"
"6000.0","37.779683","-122.402658"
"7000.0","37.786765","-122.392053"
"4665.0","37.776685","-122.419324"
"1550.0","37.71627","-122.38882"
"4000.0","37.752641","-122.392648"
"3800.0","37.762581","-122.502855"
"3000.0","37.73042","-122.38442"
"5090.0","37.791311","-122.392525"
"3000.0","37.775743","-122.505915"
"4879.0","37.776541","-122.417501"
"2000.0","37.71498","-122.40532"
"3300.0","37.77582","-122.491207"
"4549.0","37.77243","-122.396951"
"2680.0","37.7759","-122.50287"
"4900.0","37.768602","-122.426796"
"3950.0","37.786928","-122.456875"
"2900.0","37.78201","-122.46328"
"3900.0","37.737824","-122.429496"
"5000.0","37.785542","-122.396705"
"5500.0","37.7621","-122.3971"
"5495.0","37.7878","-122.435305"
"4317.0","37.766159","-122.430641"
"3995.0","37.779277","-122.392211"
"1898.0","37.72715","-122.43681"
"4200.0","37.75158","-122.442284"
"3595.0","37.767595","-122.431191"
"6900.0","37.787966","-122.418465"
"3900.0","37.742288","-122.423402"
"7500.0","37.79868","-122.415572"
"4357.0","37.780265","-122.403387"
"4500.0","37.775667","-122.436383"
"3850.0","37.762741","-122.442211"
"3595.0","37.7712","-122.4413"
"4995.0","37.7712","-122.4413"
"3895.0","37.78594","-122.4907"
"3595.0","37.775654","-122.440126"
"8150.0","37.7929","-122.4079"
"6205.0","37.802927","-122.419797"
"3149.0","37.750773","-122.442783"
"2600.0","37.7195","-122.4411"
"4915.0","37.77408","-122.390142"
"6096.0","37.787575","-122.391477"
"4499.0","37.802069","-122.414569"
"4149.0","37.75024","-122.4337"
"3400.0","37.792593","-122.419402"
"4990.0","37.787","-122.43682"
"4990.0","37.786108","-122.424841"
"3695.0","37.7211","-122.4754"
"2999.0","37.7211","-122.4754"
"5349.0","37.791982","-122.424207"
"5073.0","37.7621","-122.3971"
"3550.0","37.7211","-122.4754"
"2800.0","37.776244","-122.467217"
"6250.0","37.755817","-122.439356"
"4000.0","37.770559","-122.424617"
"4900.0","37.762682","-122.425268"
"2031.0","37.71498","-122.40532"
"4025.0","37.763048","-122.388738"
"3000.0","37.7786","-122.4892"
"3000.0","37.780631","-122.472844"
"4895.0","37.775662","-122.409214"
"4895.0","37.775662","-122.409214"
"3995.0","37.7725","-122.4147"
"5995.0","37.7989","-122.446017"
"6175.0","37.758576","-122.439125"
"3900.0","37.745","-122.4383"
"3300.0","37.75024","-122.4337"
"4700.0","37.797959","-122.417114"
"1650.0","37.721631","-122.471674"
"4395.0","37.776408","-122.426701"
"3500.0","37.758653","-122.503652"
"3500.0","37.7593","-122.4836"
"2795.0","37.7759","-122.50287"
"3725.0","37.79252","-122.43823"
"3400.0","37.792593","-122.419402"
"4200.0","37.790451","-122.429159"
"2950.0","37.75918","-122.482409"
"3830.0","37.797693","-122.423189"
"5395.0","37.762283","-122.389664"
"4195.0","37.790673","-122.412266"
"7000.0","37.741024","-122.426744"
"5395.0","37.762283","-122.389664"
"2300.0","37.7195","-122.4411"
"3350.0","37.765051","-122.469603"
"3800.0","37.752564","-122.400312"
"1295.0","37.79857","-122.40795"
"5500.0","37.761945","-122.440739"
"4200.0","37.764866","-122.44977"
"2995.0","37.757637","-122.484234"
"3498.0","37.782406","-122.476307"
"3250.0","37.77987","-122.46475"
"2400.0","37.716061","-122.402091"
"3800.0","37.739683","-122.469653"
"1000.0","37.782057","-122.427396"
"3895.0","37.78389","-122.47641"
"2199.0","37.72715","-122.43681"
"5369.0","37.774514","-122.391429"
"4200.0","37.789014","-122.391064"
"5549.0","37.79091","-122.42239"
"4500.0","37.74116","-122.41784"
"3650.0","37.752491","-122.400479"
"4675.0","37.775787","-122.393355"
"4884.0","37.796238","-122.400484"
"3000.0","37.735045","-122.492331"
"3495.0","37.780326","-122.462083"
"5000.0","37.785504","-122.470179"
"2150.0","37.725615","-122.427612"
"1950.0","37.77493","-122.41942"
"2850.0","37.7441","-122.4863"
"4400.0","37.744131","-122.421341"
"3725.0","37.79252","-122.43823"
"3290.0","37.720865","-122.475223"
"3495.0","37.77493","-122.41942"
"3200.0","37.800965","-122.41266"
"1225.0","37.7489","-122.46953"
"4850.0","37.78067","-122.38814"
"4800.0","37.798086","-122.439044"
"4500.0","37.792694","-122.434602"
"4950.0","37.761555","-122.440106"
"5000.0","37.803391","-122.446073"
"3995.0","37.779277","-122.392211"
"4637.0","37.77243","-122.396951"
"7250.0","37.786483","-122.468975"
"3800.0","37.78594","-122.4907"
"4209.0","37.802069","-122.414569"
"5000.0","37.78067","-122.38814"
"3300.0","37.7509","-122.4153"
"3800.0","37.757585","-122.409368"
"3200.0","37.78088","-122.467488"
"4306.0","37.785006","-122.4349"
"4250.0","37.77987","-122.46475"
"5700.0","37.779996","-122.389487"
"4000.0","37.746641","-122.487763"
"2975.0","37.7593","-122.4836"
"4510.0","37.761324","-122.38864"
"4440.0","37.791311","-122.392525"
"5800.0","37.799037","-122.420346"
"1999.0","37.78317","-122.432681"
"6400.0","37.75732","-122.459899"
"4549.0","37.77243","-122.396951"
"3850.0","37.762741","-122.442211"
"5092.0","37.783629","-122.397081"
"4200.0","37.768602","-122.426796"
"8000.0","37.7864","-122.3892"
"4800.0","37.771564","-122.434704"
"2500.0","37.77493","-122.41942"
"4995.0","37.801062","-122.419425"
"4990.0","37.786108","-122.424841"
"6936.0","37.77408","-122.390142"
"3605.0","37.720865","-122.475223"
"4288.0","37.780265","-122.403387"
"4100.0","37.792804","-122.417759"
"4300.0","37.78446","-122.431183"
"4450.0","37.800624","-122.422713"
"2795.0","37.7759","-122.50287"
"5211.0","37.766674","-122.419825"
"5098.0","37.7621","-122.3971"
"5100.0","37.791311","-122.392525"
"3795.0","37.791975","-122.417174"
"3550.0","37.7211","-122.4754"
"3600.0","37.801301","-122.414883"
"6000.0","37.777028","-122.393184"
"5000.0","37.748848","-122.410548"
"3350.0","37.758764","-122.416872"
"1450.0","37.77493","-122.41942"
"6500.0","37.765774","-122.426491"
"4750.0","37.785373","-122.431366"
"3995.0","37.7785","-122.42383"
"3795.0","37.766423","-122.419496"
"1650.0","37.77493","-122.41942"
"2595.0","37.71498","-122.40532"
"3495.0","37.785834","-122.420212"
"5010.0","37.783785","-122.39893"
"3550.0","37.7211","-122.4754"
"5095.0","37.791456","-122.392342"
"3800.0","37.784617","-122.444831"
"4531.0","37.776541","-122.417501"
"3795.0","37.791975","-122.417174"
"3305.0","37.7211","-122.4754"
"3600.0","37.731727","-122.446961"
"6750.0","37.796705","-122.442183"
"4700.0","37.756631","-122.425612"
"1950.0","37.7441","-122.4863"
"1979.0","37.7759","-122.50287"
"3911.0","37.777573","-122.397484"
"4700.0","37.792406","-122.397383"
"4900.0","37.762682","-122.425268"
"4915.0","37.77408","-122.390142"
"6500.0","37.779996","-122.389487"
"3950.0","37.797972","-122.444153"
"700.0","37.7712","-122.4413"
"1495.0","37.77493","-122.41942"
"3795.0","37.791975","-122.417174"
"5103.0","37.783629","-122.397081"
"2336.0","37.7759","-122.50287"
"4225.0","37.78317","-122.432681"
"2800.0","37.718633","-122.459189"
"4531.0","37.7813","-122.4167"
"3995.0","37.723492","-122.454283"
"3950.0","37.7545","-122.43439"
"3150.0","37.7211","-122.4754"
"5095.0","37.791456","-122.392342"
"3950.0","37.794037","-122.422243"
"5261.0","37.766644","-122.421041"
"4392.0","37.764744","-122.416363"
"3950.0","37.786928","-122.456875"
"4300.0","37.755668","-122.46902"
"4910.0","37.777018","-122.415696"
"1400.0","37.77493","-122.41942"
"3605.0","37.720865","-122.475223"
"2795.0","37.7759","-122.50287"
"2400.0","37.745387","-122.481422"
"3399.0","37.75024","-122.4337"
"2995.0","37.7211","-122.4754"
"3399.0","37.75024","-122.4337"
"2600.0","37.7195","-122.4411"
"3868.0","37.787539","-122.396278"
"4955.0","37.766159","-122.430641"
"4491.0","37.80271","-122.4058"
"3600.0","37.80132","-122.414887"
"4995.0","37.79252","-122.43823"
"5500.0","37.79804","-122.41514"
"2999.0","37.7211","-122.4754"
"3800.0","37.787351","-122.430873"
"3800.0","37.784617","-122.444831"
"4440.0","37.791456","-122.392342"
"3450.0","37.720254","-122.475758"
"4281.0","37.785006","-122.4349"
"6105.0","37.802927","-122.419797"
"3100.0","37.78594","-122.4907"
"4374.0","37.790996","-122.409715"
"3000.0","37.721843","-122.457163"
"2890.0","37.738843","-122.423949"
"3825.0","37.79252","-122.43823"
"4100.0","37.76518","-122.424141"
"3295.0","37.746348","-122.44009"
"3000.0","37.780631","-122.472844"
"4990.0","37.786108","-122.424841"
"4357.0","37.7621","-122.3971"
"3550.0","37.716078","-122.473955"
"1575.0","37.72715","-122.43681"
"3800.0","37.803433","-122.408146"
"4295.0","37.763987","-122.444412"
"2990.0","37.782077","-122.483804"
"3500.0","37.76575","-122.45707"
"4510.0","37.761324","-122.38864"
"4650.0","37.76049","-122.40087"
"4600.0","37.77987","-122.46475"
"5400.0","37.789369","-122.391858"
"5950.0","37.803545","-122.4119"
"3500.0","37.756092","-122.469192"
"4599.0","37.781055","-122.402387"
"1900.0","37.710593","-122.469288"
"5750.0","37.762227","-122.439491"
"3025.0","37.733468","-122.453057"
"2000.0","37.72705","-122.4332"
"2650.0","37.71498","-122.40532"
"4900.0","37.78067","-122.38814"
"6695.0","37.756944","-122.444962"
"3200.0","37.773937","-122.462261"
"3300.0","37.77493","-122.41942"
"3800.0","37.787351","-122.430873"
"3295.0","37.716078","-122.473955"
"6950.0","37.789592","-122.390373"
"2995.0","37.7211","-122.4754"
"4400.0","37.78594","-122.4907"
"3295.0","37.7211","-122.4754"
"3600.0","37.802961","-122.445163"
"2575.0","37.757023","-122.498162"
"2995.0","37.7211","-122.4754"
"4525.0","37.791456","-122.392342"
"3995.0","37.762741","-122.442211"
"4510.0","37.761324","-122.38864"
"7000.0","37.790667","-122.427448"
"3400.0","37.792804","-122.417759"
"3550.0","37.720373","-122.475758"
"2850.0","37.7441","-122.4863"
"6800.0","37.7725","-122.4147"
"2795.0","37.7759","-122.50287"
"5650.0","37.800415","-122.424359"
"3868.0","37.786453","-122.394905"
"1700.0","37.72715","-122.43681"
"3800.0","37.79252","-122.43823"
"3595.0","37.767492","-122.431705"
"2995.0","37.786003","-122.418863"
"4250.0","37.7917","-122.4186"
"3695.0","37.770638","-122.441998"
"3650.0","37.763065","-122.418423"
"5900.0","37.803833","-122.404986"
"3650.0","37.79252","-122.43823"
"2950.0","37.765151","-122.455158"
"6500.0","37.790286","-122.441275"
"4095.0","37.756754","-122.401911"
"5495.0","37.759231","-122.390764"
"5274.0","37.791982","-122.424207"
"4250.0","37.775385","-122.448024"
"2675.0","37.7759","-122.50287"
"2450.0","37.7593","-122.4836"
"3300.0","37.7856","-122.4358"
"2540.0","37.78891","-122.418656"
"4200.0","37.786573","-122.393572"
"3851.0","37.787878","-122.393103"
"7000.0","37.804811","-122.443827"
"5150.0","37.791456","-122.392342"
"3995.0","37.779841","-122.40204"
"6695.0","37.75443","-122.4468"
"1350.0","37.77493","-122.41942"
"4158.0","37.785006","-122.4349"
"527.0","37.791982","-122.424207"
"4737.0","37.77243","-122.396951"
"5549.0","37.776541","-122.417501"
"2125.0","37.777494","-122.416292"
"4900.0","37.762682","-122.425268"
"4950.0","37.758745","-122.417191"
"4200.0","37.76518","-122.424141"
"5183.0","37.78067","-122.38814"
"4502.0","37.711366","-122.391925"
"2795.0","37.726282","-122.42928"
"3095.0","37.7211","-122.4754"
"3685.0","37.77493","-122.41942"
"5200.0","37.787836","-122.393396"
"4585.0","37.7834","-122.424295"
"2995.0","37.757637","-122.484234"
"3549.0","37.760181","-122.446167"
"3200.0","37.77241","-122.443117"
"2800.0","37.7759","-122.50287"
"4000.0","37.786288","-122.473255"
"4491.0","37.80271","-122.4058"
"5600.0","37.798238","-122.441876"
"3633.0","37.7211","-122.4754"
"3500.0","37.742764","-122.428806"
"3750.0","37.80132","-122.414887"
"2825.0","37.7211","-122.4754"
"4900.0","37.768602","-122.426796"
"3000.0","37.778698","-122.503152"
"4500.0","37.7917","-122.4186"
"4995.0","37.79252","-122.43823"
"4149.0","37.746494","-122.433698"
"3450.0","37.720254","-122.475758"
"3399.0","37.75024","-122.4337"
"3850.0","37.78221","-122.43418"
"4750.0","37.803097","-122.428272"
"4900.0","37.787088","-122.425378"
"6105.0","37.802927","-122.419797"
"4300.0","37.785487","-122.486916"
"4149.0","37.746494","-122.433698"
"4300.0","37.764296","-122.388849"
"4900.0","37.799032","-122.405149"
"4600.0","37.784918","-122.391249"
"4675.0","37.778924","-122.47035"
"5500.0","37.796063","-122.428538"
"4990.0","37.786108","-122.424841"
"2000.0","37.71498","-122.40532"
"8000.0","37.798594","-122.416953"
"2600.0","37.7195","-122.4411"
"4499.0","37.779277","-122.392211"
"1950.0","37.77493","-122.41942"
"1950.0","37.77493","-122.41942"
"4900.0","37.768602","-122.426796"
"3000.0","37.76228","-122.4618"
"2500.0","37.782069","-122.491324"
"2600.0","37.743738","-122.475691"
"3800.0","37.784617","-122.444831"
"1100.0","37.782057","-122.427396"
"3995.0","37.782638","-122.459965"
"3725.0","37.79076","-122.426709"
"4453.0","37.780265","-122.403387"
"4395.0","37.7906","-122.412838"
"1999.0","37.72715","-122.43681"
"930.0","37.73042","-122.38442"
"4300.0","37.768602","-122.426796"
"4900.0","37.768602","-122.426796"
"3400.0","37.75443","-122.4468"
"3680.0","37.800168","-122.422621"
"1599.0","37.77493","-122.41942"
"4900.0","37.795106","-122.428344"
"4350.0","37.7917","-122.4186"
"3100.0","37.770949","-122.421682"
"4000.0","37.79457","-122.39994"
"1800.0","37.78594","-122.4907"
"4000.0","37.78221","-122.43418"
"3900.0","37.789356","-122.437821"
"4400.0","37.744131","-122.421341"
